,0,1,2
0 1,0.0,0.14414424073018203,0.8558557592698179
0 1 1 1 2,0.0,0.12303308176093927,0.8769669182390607
0 1 1 1 2 1 2,0.03248966364228488,0.27541389035381786,0.6920964460038973
0 1 1 1 2 2 2,0.07255297955865732,0.9274470204413426,0.0
0 1 1 1 3,0.0,0.10451320184006553,0.8954867981599345
0 1 1 1 3 1 2,0.04243062183674444,0.2003739505783349,0.7571954275849206
0 1 1 1 3 2 2,0.11945776242022432,0.8805422375797757,0.0
0 1 1 1 4,0.0,0.12428128536775404,0.8757187146322459
0 1 1 1 4 1 2,0.03341854549468241,0.24948188758556428,0.7170995669197533
0 1 1 1 4 2 2,0.07322663875125615,0.9267733612487439,0.0
0 1 1 1 5,0.0,0.16395045834742628,0.8360495416525737
0 1 1 1 5 1 2,0.056061828909692156,0.3352756412814204,0.6086625298088875
0 1 1 1 5 2 2,0.10698312158603675,0.8930168784139633,0.0
0 1 1 2,0.0605842331138884,0.38030684560994577,0.5591089212761658
0 1 1 2 1 2,0.0,0.11499574145204447,0.8850042585479555
0 1 1 2 1 2 1 2,0.022664854561417414,0.3075759789200738,0.6697591665185088
0 1 1 2 1 2 2 2,0.0399400576500085,0.9600599423499915,0.0
0 1 1 2 1 3,0.0,0.11898401613787135,0.8810159838621286
0 1 1 2 1 3 1 2,0.02967082819606469,0.23506126683433604,0.7352679049695993
0 1 1 2 1 3 2 2,0.07368183793419762,0.9263181620658024,0.0
0 1 1 2 1 4,0.0,0.12323618561225348,0.8767638143877465
0 1 1 2 1 4 1 2,0.024426340695599548,0.30703987578361464,0.6685337835207859
0 1 1 2 1 4 2 2,0.04584929283733915,0.9541507071626608,0.0
0 1 1 2 1 5,0.0,0.16883965527710218,0.8311603447228978
0 1 1 2 1 5 1 2,0.036117420138678254,0.34232557330020624,0.6215570065611155
0 1 1 2 1 5 2 2,0.06483290451426303,0.935167095485737,0.0
0 1 1 2 2 1 2,0.0,0.26051817491219936,0.7394818250878006
0 1 1 2 2 1 2 1 2,0.025495276530493213,0.5162579772873792,0.4582467461821276
0 1 1 2 2 1 2 2 2,0.029405133982454878,0.9705948660175451,0.0
0 1 1 2 2 1 3,0.0,0.24480178154775828,0.7551982184522418
0 1 1 2 2 1 3 1 2,0.04275940065755324,0.43669468977851217,0.5205459095639347
0 1 1 2 2 1 3 2 2,0.059231206709024424,0.9407687932909756,0.0
0 1 1 2 2 1 4,0.0,0.25990595048335857,0.7400940495166414
0 1 1 2 2 1 4 1 2,0.03010963941380968,0.5103317679768495,0.4595585926093408
0 1 1 2 2 1 4 2 2,0.032554863779631314,0.9674451362203687,0.0
0 1 1 2 2 1 5,0.0,0.29985381407252276,0.7001461859274772
0 1 1 2 2 1 5 1 2,0.045520004054605975,0.5713621995276295,0.38311779641776456
0 1 1 2 2 1 5 2 2,0.05105781291643147,0.9489421870835685,0.0
0 1 2 1 2,0.0,0.18489718134934885,0.8151028186506512
0 1 2 1 2 1 2,0.020700623788485563,0.4374434560316093,0.5418559201799051
0 1 2 1 2 2 2,0.028806295258149418,0.9711937047418506,0.0
0 1 2 1 3,0.0,0.20092443472174396,0.7990755652782561
0 1 2 1 3 1 2,0.028885841369628906,0.3360893726348877,0.6350247859954834
0 1 2 1 3 2 2,0.05053047920049413,0.9494695207995059,0.0
0 1 2 1 4,0.0,0.21504493463772453,0.7849550653622754
0 1 2 1 4 1 2,0.025075229585409992,0.41227258403615796,0.5626521863784321
0 1 2 1 4 2 2,0.03211101043870417,0.9678889895612959,0.0
0 1 2 1 5,0.0,0.237282767373774,0.762717232626226
0 1 2 1 5 1 2,0.037694725998883225,0.46963679615543485,0.4926684778456819
0 1 2 1 5 2 2,0.0439484018780311,0.9560515981219689,0.0
0 1 2 2,0.051435189926589235,0.9485648100734108,0.0
0 1 2 2 1 2,0.0,0.24692926110322208,0.7530707388967779
0 1 2 2 1 2 1 2,0.013660761593904544,0.5455460798953349,0.4407931585107606
0 1 2 2 1 2 2 2,0.014591955899223406,0.9854080441007766,0.0
0 1 2 2 1 3,0.0,0.21515089083466293,0.7848491091653371
0 1 2 2 1 3 1 2,0.021142137262468864,0.43002785390123605,0.5488300088362951
0 1 2 2 1 3 2 2,0.030428265673642825,0.9695717343263571,0.0
0 1 2 2 1 4,0.0,0.24010928796786674,0.7598907120321333
0 1 2 2 1 4 1 2,0.01766059221187288,0.5362911364214046,0.4460482713667225
0 1 2 2 1 4 2 2,0.018432448282591954,0.9815675517174081,0.0
0 1 2 2 1 5,0.0,0.30498886735650893,0.695011132643491
0 1 2 2 1 5 1 2,0.02429449849333433,0.6058270132078114,0.3698784882988542
0 1 2 2 1 5 2 2,0.02421723523615637,0.9757827647638436,0.0
0 2 1 1 1,0.0,0.16104913677632993,0.8389508632236701
0 2 1 1 1 1 2,0.04906758165555793,0.3040802995541614,0.6468521187902807
0 2 1 1 1 2 2,0.10645292091285985,0.8935470790871402,0.0
0 2 1 2 1 1,0.0,0.15805684031461148,0.8419431596853886
0 2 1 2 1 1 1 2,0.02976654875762629,0.30556643350682894,0.6646670177355448
0 2 1 2 1 1 2 2,0.05728932375494702,0.942710676245053,0.0
0 2 1 2 2 1 1,0.0,0.2823117738835168,0.7176882261164832
0 2 1 2 2 1 1 1 2,0.04072596672171963,0.5094070047269652,0.4498670285513152
0 2 1 2 2 1 1 2 2,0.04573613075881114,0.9542638692411889,0.0
0 2 2 1 1,0.0,0.20878309949557722,0.7912169005044227
0 2 2 1 1 1 2,0.031598059598978656,0.4146776759979147,0.5537242644031066
0 2 2 1 1 2 2,0.0418024278298201,0.9581975721701799,0.0
0 2 2 2 1 1,0.0,0.22965724129665227,0.7703427587033477
0 2 2 2 1 1 1 2,0.021377853571373517,0.49792810161572465,0.4806940448129018
0 2 2 2 1 1 2 2,0.024069789329976315,0.9759302106700237,0.0
1 0,0.0,0.18070543077623782,0.8192945692237622
1 0 1 1 2,0.0,0.12699295700410834,0.8730070429958917
1 0 1 1 2 1 2,0.029543404353177767,0.29416616710059873,0.6762904285462236
1 0 1 1 2 2 2,0.0577976366299861,0.942202363370014,0.0
1 0 1 1 3,0.0,0.10553731397528732,0.8944626860247127
1 0 1 1 3 1 2,0.03857525639255937,0.20005547553590186,0.7613692680715388
1 0 1 1 3 2 2,0.09908275285545895,0.900917247144541,0.0
1 0 1 1 4,0.0,0.13017142781320967,0.8698285721867903
1 0 1 1 4 1 2,0.028666534170505423,0.2557712850519557,0.7155621807775389
1 0 1 1 4 2 2,0.07078325994163326,0.9292167400583667,0.0
1 0 1 1 5,0.0,0.17292905060246258,0.8270709493975374
1 0 1 1 5 1 2,0.05230732890276621,0.34190630148560625,0.6057863696116276
1 0 1 1 5 2 2,0.10434509717334726,0.8956549028266527,0.0
1 0 1 2,0.0485936317907207,0.4643602863469656,0.4870460818623137
1 0 1 2 1 2,0.0,0.15413311248283687,0.8458668875171631
1 0 1 2 1 2 1 2,0.018702444316156204,0.3611139478162882,0.6201836078675556
1 0 1 2 1 2 2 2,0.03237219214159815,0.9676278078584019,0.0
1 0 1 2 1 3,0.0,0.14056042087484452,0.8594395791251555
1 0 1 2 1 3 1 2,0.027723472255578575,0.29051002535399023,0.6817665023904312
1 0 1 2 1 3 2 2,0.05912302673221184,0.9408769732677882,0.0
1 0 1 2 1 4,0.0,0.14091550851483758,0.8590844914851624
1 0 1 2 1 4 1 2,0.020621829483596504,0.30783526426698515,0.6715429062494184
1 0 1 2 1 4 2 2,0.03895138527273686,0.9610486147272631,0.0
1 0 1 2 1 5,0.0,0.1970131774017921,0.8029868225982079
1 0 1 2 1 5 1 2,0.03463221418780567,0.39507416773753246,0.570293618074662
1 0 1 2 1 5 2 2,0.053938608635701955,0.946061391364298,0.0
1 0 1 2 2 1 2,0.0,0.3253053814789666,0.6746946185210334
1 0 1 2 2 1 2 1 2,0.0213625358146618,0.5912718816941371,0.387365582491201
1 0 1 2 2 1 2 2 2,0.02086760732443898,0.9791323926755611,0.0
1 0 1 2 2 1 3,0.0,0.34750968697730045,0.6524903130226996
1 0 1 2 2 1 3 1 2,0.03670654418538105,0.5438018400683862,0.4194916157462327
1 0 1 2 2 1 3 2 2,0.04178493324903862,0.9582150667509614,0.0
1 0 1 2 2 1 4,0.0,0.3347050775332002,0.6652949224667998
1 0 1 2 2 1 4 1 2,0.024971631261500274,0.6010206543251346,0.3740077144133651
1 0 1 2 2 1 4 2 2,0.0241933085524418,0.9758066914475582,0.0
1 0 1 2 2 1 5,0.0,0.39552402403480397,0.604475975965196
1 0 1 2 2 1 5 1 2,0.04157897239845143,0.6502479557040317,0.30817307189751686
1 0 1 2 2 1 5 2 2,0.042681942853838396,0.9573180571461616,0.0
1 0 2 1 2,0.0,0.22688035963570846,0.7731196403642916
1 0 2 1 2 1 2,0.018168863181142938,0.46085720200037866,0.5209739348184784
1 0 2 1 2 2 2,0.0246869883334602,0.9753130116665398,0.0
1 0 2 1 3,0.0,0.23851347947069704,0.761486520529303
1 0 2 1 3 1 2,0.029397993403732975,0.4038280128291841,0.5667739937670829
1 0 2 1 3 2 2,0.03906135842491297,0.960938641575087,0.0
1 0 2 1 4,0.0,0.22947024123564488,0.7705297587643551
1 0 2 1 4 1 2,0.021727790083757383,0.4409234406432429,0.5373487692729997
1 0 2 1 4 2 2,0.02820520193571413,0.9717947980642859,0.0
1 0 2 1 5,0.0,0.29859797522802856,0.7014020247719714
1 0 2 1 5 1 2,0.03495566854335985,0.5391135711387998,0.42593076031784044
1 0 2 1 5 2 2,0.03945596436684058,0.9605440356331594,0.0
1 0 2 2,0.03634983091250482,0.9636501690874951,0.0
1 0 2 2 1 2,0.0,0.29005496851101076,0.7099450314889892
1 0 2 2 1 2 1 2,0.011596951590489776,0.5771269776779153,0.4112760707315949
1 0 2 2 1 2 2 2,0.012336396841038988,0.9876636031589611,0.0
1 0 2 2 1 3,0.0,0.29236871519095603,0.707631284809044
1 0 2 2 1 3 1 2,0.019141975148477493,0.5011331271000276,0.47972489775149496
1 0 2 2 1 3 2 2,0.022391993076465007,0.977608006923535,0.0
1 0 2 2 1 4,0.0,0.29358365202027104,0.706416347979729
1 0 2 2 1 4 1 2,0.015559665510959948,0.5633737915000218,0.42106654298901836
1 0 2 2 1 4 2 2,0.015486800270135609,0.9845131997298644,0.0
1 0 2 2 1 5,0.0,0.3550466937608574,0.6449533062391426
1 0 2 2 1 5 1 2,0.022933638048151565,0.628251093221755,0.3488152687300934
1 0 2 2 1 5 2 2,0.020609844032173377,0.9793901559678266,0.0
1 2 1 1 0,0.0,0.16049345696617162,0.8395065430338283
1 2 1 1 0 1 2,0.03430650255432343,0.3143456461151821,0.6513478513304944
1 2 1 1 0 2 2,0.07847915003462848,0.9215208499653715,0.0
1 2 1 2 1 0,0.0,0.1871811781786535,0.8128188218213465
1 2 1 2 1 0 1 2,0.023544515800432823,0.3457211761919847,0.6307343080075825
1 2 1 2 1 0 2 2,0.04446752378496255,0.9555324762150375,0.0
1 2 1 2 2 1 0,0.0,0.3908529844680062,0.6091470155319938
1 2 1 2 2 1 0 1 2,0.028677685667014067,0.6013761859617861,0.3699461283711999
1 2 1 2 2 1 0 2 2,0.030279238964757954,0.9697207610352421,0.0
1 2 2 1 0,0.0,0.2683982323746011,0.7316017676253989
1 2 2 1 0 1 2,0.02254704666131171,0.48247484375825794,0.49497810958043037
1 2 2 1 0 2 2,0.028014102182556018,0.9719858978174439,0.0
1 2 2 2 1 0,0.0,0.3137351481521324,0.6862648518478676
1 2 2 2 1 0 1 2,0.015754340245862194,0.582254649293152,0.40199101046098584
1 2 2 2 1 0 2 2,0.015937824924394058,0.9840621750756059,0.0
2 0,0.0,0.17197329218513946,0.8280267078148605
2 0 1 1 1,0.0,0.15636402545110933,0.8436359745488907
2 0 1 1 1 1 2,0.03998404264343071,0.33937158476072743,0.6206443725958418
2 0 1 1 1 2 2,0.06342787297454736,0.9365721270254527,0.0
2 0 1 1 3,0.0,0.11053074471570087,0.8894692552842991
2 0 1 1 3 1 2,0.03266844202084008,0.21036412135309163,0.7569674366260684
2 0 1 1 3 2 2,0.0714448977803872,0.9285551022196128,0.0
2 0 1 1 4,0.0,0.1263925668655725,0.8736074331344276
2 0 1 1 4 1 2,0.02722250590412435,0.2909480149110934,0.6818294791847822
2 0 1 1 4 2 2,0.051801290882160345,0.9481987091178397,0.0
2 0 1 1 5,0.0,0.15295101334231254,0.8470489866576875
2 0 1 1 5 1 2,0.04063869473701104,0.3138028552687488,0.6455584499942402
2 0 1 1 5 2 2,0.0755488169875833,0.9244511830124167,0.0
2 0 1 2,0.04118618849032864,0.47758380823987223,0.48123000326979914
2 0 1 2 1 1,0.0,0.21229513886553636,0.7877048611344636
2 0 1 2 1 1 1 2,0.027218266726390772,0.4149344458679876,0.5578472874056216
2 0 1 2 1 1 2 2,0.031917622944427605,0.9680823770555724,0.0
2 0 1 2 1 3,0.0,0.15943142238424632,0.8405685776157537
2 0 1 2 1 3 1 2,0.02570161844439998,0.31254679721427775,0.6617515843413222
2 0 1 2 1 3 2 2,0.038303297631796816,0.9616967023682031,0.0
2 0 1 2 1 4,0.0,0.17191084384184396,0.828089156158156
2 0 1 2 1 4 1 2,0.020350293240030612,0.3771344545700376,0.6025152521899318
2 0 1 2 1 4 2 2,0.02876157453313808,0.9712384254668619,0.0
2 0 1 2 1 5,0.0,0.21748136571608687,0.7825186342839131
2 0 1 2 1 5 1 2,0.02929855477848774,0.4089117004471455,0.5617897447743668
2 0 1 2 1 5 2 2,0.0425917184997221,0.9574082815002779,0.0
2 0 1 2 2 1 1,0.0,0.36989823975324554,0.6301017602467545
2 0 1 2 2 1 1 1 2,0.027723599376567407,0.6152415722504655,0.3570348283729671
2 0 1 2 2 1 1 2 2,0.023802483669788405,0.9761975163302116,0.0
2 0 1 2 2 1 3,0.0,0.34568465898695955,0.6543153410130405
2 0 1 2 2 1 3 1 2,0.031082566016994558,0.5322671393831447,0.43665029459986066
2 0 1 2 2 1 3 2 2,0.02961063131066099,0.970389368689339,0.0
2 0 1 2 2 1 4,0.0,0.3280087362886231,0.671991263711377
2 0 1 2 2 1 4 1 2,0.02058719008170022,0.6013137382135605,0.37809907170473933
2 0 1 2 2 1 4 2 2,0.01766584148016773,0.9823341585198323,0.0
2 0 1 2 2 1 5,0.0,0.36939028005888985,0.6306097199411101
2 0 1 2 2 1 5 1 2,0.03305333394045629,0.6514940687996951,0.31545259725984864
2 0 1 2 2 1 5 2 2,0.02711044900365946,0.9728895509963406,0.0
2 0 2 1 1,0.0,0.20124844962608474,0.7987515503739153
2 0 2 1 1 1 2,0.02471437976615489,0.4478536710782745,0.5274319491555706
2 0 2 1 1 2 2,0.025183581071719818,0.9748164189282802,0.0
2 0 2 1 3,0.0,0.1793873462975556,0.8206126537024444
2 0 2 1 3 1 2,0.020573845324794254,0.36636036975644876,0.613065784918757
2 0 2 1 3 2 2,0.029203426278826838,0.9707965737211731,0.0
2 0 2 1 4,0.0,0.20836209949257958,0.7916379005074204
2 0 2 1 4 1 2,0.016204853658506557,0.44436199218449407,0.5394331541569993
2 0 2 1 4 2 2,0.01864642967774835,0.9813535703222517,0.0
2 0 2 1 5,0.0,0.23180766818392778,0.7681923318160723
2 0 2 1 5 1 2,0.025790741629988293,0.506231403419363,0.4679778549506487
2 0 2 1 5 2 2,0.026155886815547074,0.973844113184453,0.0
2 0 2 2,0.028264540036029923,0.97173545996397,0.0
2 0 2 2 1 1,0.0,0.30956903605085395,0.690430963949146
2 0 2 2 1 1 1 2,0.015837167760532,0.5856650860465381,0.39849774619292994
2 0 2 2 1 1 2 2,0.013939826761559705,0.9860601732384403,0.0
2 0 2 2 1 3,0.0,0.26358976576338067,0.7364102342366193
2 0 2 2 1 3 1 2,0.01584092243616967,0.5190490774278945,0.46511000013593584
2 0 2 2 1 3 2 2,0.01610211801746627,0.9838978819825337,0.0
2 0 2 2 1 4,0.0,0.3158977076171047,0.6841022923828953
2 0 2 2 1 4 1 2,0.012491943291403459,0.6100614059529055,0.37744665075569106
2 0 2 2 1 4 2 2,0.0107815457351677,0.9892184542648323,0.0
2 0 2 2 1 5,0.0,0.3482884059125318,0.6517115940874681
2 0 2 2 1 5 1 2,0.017473969543449694,0.6460127210393074,0.3365133094172429
2 0 2 2 1 5 2 2,0.014522688974640584,0.9854773110253594,0.0
2 1 1 1 0,0.0,0.15523180433182435,0.8447681956681756
2 1 1 1 0 1 2,0.027954598315990377,0.28782110816606843,0.6842242935179412
2 1 1 1 0 2 2,0.05841464935263042,0.9415853506473696,0.0
2 1 1 2 1 0,0.0,0.21887956247297355,0.7811204375270264
2 1 1 2 1 0 1 2,0.02015277680948681,0.381191664523119,0.5986555586673942
2 1 1 2 1 0 2 2,0.027871748340165613,0.9721282516598344,0.0
2 1 1 2 2 1 0,0.0,0.36011096516218166,0.6398890348378183
2 1 1 2 2 1 0 1 2,0.023733649718244113,0.5837550378750519,0.39251131240670395
2 1 1 2 2 1 0 2 2,0.021284659769616437,0.9787153402303835,0.0
2 1 2 1 0,0.0,0.19588473921812624,0.8041152607818738
2 1 2 1 0 1 2,0.016875891549308145,0.43341095627841775,0.5497131521722741
2 1 2 1 0 2 2,0.020250800586166545,0.9797491994138334,0.0
2 1 2 2 1 0,0.0,0.2976186319044374,0.7023813680955626
2 1 2 2 1 0 1 2,0.012218920728385443,0.5930514583715779,0.39472962090003666
2 1 2 2 1 0 2 2,0.011216857212130147,0.9887831427878698,0.0
3 0,0.0,0.19184845359891672,0.8081515464010833
3 0 1 1 1,0.0,0.17948574252686772,0.8205142574731322
3 0 1 1 1 1 2,0.04660538410375326,0.33558480681535574,0.617809809080891
3 0 1 1 1 2 2,0.08209113792143245,0.9179088620785676,0.0
3 0 1 1 2,0.0,0.15305369217428583,0.8469463078257142
3 0 1 1 2 1 2,0.030656828127636485,0.3277587051500163,0.6415844667223473
3 0 1 1 2 2 2,0.06101092585645447,0.9389890741435455,0.0
3 0 1 1 4,0.0,0.145033173452641,0.854966826547359
3 0 1 1 4 1 2,0.03299897548928475,0.2992031585395454,0.6677978659711699
3 0 1 1 4 2 2,0.06471268574220229,0.9352873142577978,0.0
3 0 1 1 5,0.0,0.18941950100386432,0.8105804989961357
3 0 1 1 5 1 2,0.05180735963295936,0.3362557640113795,0.6119368763556611
3 0 1 1 5 2 2,0.09215681617281483,0.9078431838271852,0.0
3 0 1 2,0.04536545276641846,0.508578360080719,0.44605618715286255
3 0 1 2 1 1,0.0,0.20893092635465815,0.7910690736453418
3 0 1 2 1 1 1 2,0.027197051286752313,0.4109215361825836,0.5618814125306641
3 0 1 2 1 1 2 2,0.04033432720475923,0.9596656727952407,0.0
3 0 1 2 1 2,0.0,0.17588472931977006,0.8241152706802299
3 0 1 2 1 2 1 2,0.017329208165499384,0.3590584019036948,0.6236123899308058
3 0 1 2 1 2 2 2,0.03101841855444372,0.9689815814455562,0.0
3 0 1 2 1 4,0.0,0.1819287367324841,0.8180712632675159
3 0 1 2 1 4 1 2,0.021309518035545903,0.3977030002821479,0.5809874816823062
3 0 1 2 1 4 2 2,0.0349084273092059,0.9650915726907942,0.0
3 0 1 2 1 5,0.0,0.21298824256650875,0.7870117574334913
3 0 1 2 1 5 1 2,0.030417557019616633,0.39066420387964673,0.5789182391007367
3 0 1 2 1 5 2 2,0.04921623118768128,0.9507837688123187,0.0
3 0 1 2 2 1 1,0.0,0.3532039366477376,0.6467960633522624
3 0 1 2 2 1 1 1 2,0.032754553205554156,0.5832354708837759,0.3840099759106699
3 0 1 2 2 1 1 2 2,0.03109649186406847,0.9689035081359315,0.0
3 0 1 2 2 1 2,0.0,0.3025786765100522,0.6974213234899478
3 0 1 2 2 1 2 1 2,0.0192257615808511,0.5766648140052678,0.4041094244138811
3 0 1 2 2 1 2 2 2,0.021759470543233222,0.9782405294567668,0.0
3 0 1 2 2 1 4,0.0,0.3346019991278265,0.6653980008721735
3 0 1 2 2 1 4 1 2,0.02504969807434265,0.5983950607179676,0.3765552412076898
3 0 1 2 2 1 4 2 2,0.02577830080078332,0.9742216991992166,0.0
3 0 1 2 2 1 5,0.0,0.3393601974411849,0.660639802558815
3 0 1 2 2 1 5 1 2,0.03440494012576946,0.6134774614497335,0.35211759842449714
3 0 1 2 2 1 5 2 2,0.03865837055825773,0.9613416294417423,0.0
3 0 2 1 1,0.0,0.21369737984512568,0.7863026201548743
3 0 2 1 1 1 2,0.029888324687701806,0.41370806843501706,0.5564036068772812
3 0 2 1 1 2 2,0.035947262586460554,0.9640527374135395,0.0
3 0 2 1 2,0.0,0.19535006653280015,0.8046499334671998
3 0 2 1 2 1 2,0.01869007452411841,0.4659147427461671,0.5153951827297145
3 0 2 1 2 2 2,0.02481750438541859,0.9751824956145814,0.0
3 0 2 1 4,0.0,0.22969320723994954,0.7703067927600504
3 0 2 1 4 1 2,0.021727411116896963,0.4683452555320137,0.5099273333510893
3 0 2 1 4 2 2,0.02702675124012288,0.9729732487598771,0.0
3 0 2 1 5,0.0,0.22617674594073325,0.7738232540592668
3 0 2 1 5 1 2,0.030362324280178325,0.4871331967707746,0.482504478949047
3 0 2 1 5 2 2,0.03583000702939889,0.9641699929706011,0.0
3 0 2 2,0.03363721281616768,0.9663627871838323,0.0
3 0 2 2 1 1,0.0,0.2552666946708072,0.7447333053291928
3 0 2 2 1 1 1 2,0.018134765462091307,0.521306399414736,0.46055883512317264
3 0 2 2 1 1 2 2,0.018591387188302607,0.9814086128116974,0.0
3 0 2 2 1 2,0.0,0.2540323622677189,0.7459676377322811
3 0 2 2 1 2 1 2,0.011830988307024386,0.5685203655571108,0.41964864613586483
3 0 2 2 1 2 2 2,0.012584753715556132,0.9874152462844439,0.0
3 0 2 2 1 4,0.0,0.26447763318842227,0.7355223668115778
3 0 2 2 1 4 1 2,0.013448987223226468,0.5537651421411012,0.4327858706356724
3 0 2 2 1 4 2 2,0.014310801955453705,0.9856891980445462,0.0
3 0 2 2 1 5,0.0,0.3025594528619154,0.6974405471380847
3 0 2 2 1 5 1 2,0.020212487289867728,0.6012267739129115,0.37856073879722085
3 0 2 2 1 5 2 2,0.01888067231583458,0.9811193276841654,0.0
3 1 1 1 0,0.0,0.17536701514423678,0.8246329848557632
3 1 1 1 0 1 2,0.03506802480110323,0.31100911333337244,0.6539228618655244
3 1 1 1 0 2 2,0.077793887579158,0.922206112420842,0.0
3 1 1 2 1 0,0.0,0.2216774245537276,0.7783225754462724
3 1 1 2 1 0 1 2,0.02245891640451411,0.37791198280875393,0.5996291007867319
3 1 1 2 1 0 2 2,0.04082543383428076,0.9591745661657193,0.0
3 1 1 2 2 1 0,0.0,0.361054202100175,0.638945797899825
3 1 1 2 2 1 0 1 2,0.026657831420336505,0.5796024311259842,0.3937397374536793
3 1 1 2 2 1 0 2 2,0.03106078912768874,0.9689392108723113,0.0
3 1 2 1 0,0.0,0.21191408004488727,0.7880859199551127
3 1 2 1 0 1 2,0.023500624956560787,0.423719523758741,0.5527798512846982
3 1 2 1 0 2 2,0.034088735252142253,0.9659112647478577,0.0
3 1 2 2 1 0,0.0,0.27683587266001264,0.7231641273399874
3 1 2 2 1 0 1 2,0.015035900245320331,0.5069977626940299,0.4779663370606499
3 1 2 2 1 0 2 2,0.017017496838018852,0.9829825031619811,0.0
4 0,0.0,0.28448562368182384,0.7155143763181762
4 0 1 1 1,0.0,0.207240486185084,0.7927595138149159
4 0 1 1 1 1 2,0.03774892341909957,0.38392696762465855,0.5783241089562419
4 0 1 1 1 2 2,0.05593098460229252,0.9440690153977075,0.0
4 0 1 1 2,0.0,0.20098420618326945,0.7990157938167306
4 0 1 1 2 1 2,0.028014035843286596,0.39782228991794905,0.5741636742387644
4 0 1 1 2 2 2,0.041568264730676256,0.9584317352693238,0.0
4 0 1 1 3,0.0,0.17979010560387088,0.8202098943961291
4 0 1 1 3 1 2,0.03183122387339798,0.30813381420225444,0.6600349619243476
4 0 1 1 3 2 2,0.055258665237298006,0.944741334762702,0.0
4 0 1 1 5,0.0,0.21291962395253525,0.7870803760474647
4 0 1 1 5 1 2,0.041312606373804996,0.41559357689599924,0.5430938167301957
4 0 1 1 5 2 2,0.06096196482879808,0.9390380351712019,0.0
4 0 1 2,0.03852987059772786,0.568312670689066,0.3931574587132061
4 0 1 2 1 1,0.0,0.2378804941299481,0.7621195058700518
4 0 1 2 1 1 1 2,0.02505163490254488,0.4441290853499447,0.5308192797475104
4 0 1 2 1 1 2 2,0.030573893103747186,0.9694261068962529,0.0
4 0 1 2 1 2,0.0,0.22146014093388702,0.778539859066113
4 0 1 2 1 2 1 2,0.019909446947782596,0.4972980292664951,0.4827925237857223
4 0 1 2 1 2 2 2,0.022767705360760136,0.9772322946392399,0.0
4 0 1 2 1 3,0.0,0.2346412003854078,0.7653587996145922
4 0 1 2 1 3 1 2,0.024508911659775083,0.3923662827840767,0.5831248055561482
4 0 1 2 1 3 2 2,0.035838425130891485,0.9641615748691085,0.0
4 0 1 2 1 5,0.0,0.24367363135892045,0.7563263686410795
4 0 1 2 1 5 1 2,0.03025966250373656,0.49479465539733525,0.4749456820989282
4 0 1 2 1 5 2 2,0.03768480095256901,0.962315199047431,0.0
4 0 1 2 2 1 1,0.0,0.4845501767023095,0.5154498232976905
4 0 1 2 2 1 1 1 2,0.02526624356842822,0.7402604942439952,0.23447326218757658
4 0 1 2 2 1 1 2 2,0.019687859280558603,0.9803121407194414,0.0
4 0 1 2 2 1 2,0.0,0.46240637903268267,0.5375936209673173
4 0 1 2 2 1 2 1 2,0.015811151931598308,0.7440068929787855,0.24018195508961615
4 0 1 2 2 1 2 2 2,0.014320409574491676,0.9856795904255083,0.0
4 0 1 2 2 1 3,0.0,0.4625427902566793,0.5374572097433207
4 0 1 2 2 1 3 1 2,0.024972152430045462,0.6979113947211093,0.27711645284884523
4 0 1 2 2 1 3 2 2,0.02482865519129372,0.9751713448087063,0.0
4 0 1 2 2 1 5,0.0,0.48331728922182954,0.5166827107781704
4 0 1 2 2 1 5 1 2,0.026264616726728657,0.7560398376902854,0.217695545582986
4 0 1 2 2 1 5 2 2,0.025091147803685564,0.9749088521963144,0.0
4 0 2 1 1,0.0,0.32718616032972064,0.6728138396702794
4 0 2 1 1 1 2,0.022776897865321114,0.5653833251949096,0.41183977693976925
4 0 2 1 1 2 2,0.02109680304556918,0.9789031969544308,0.0
4 0 2 1 2,0.0,0.3182402451464793,0.6817597548535207
4 0 2 1 2 1 2,0.015389406222304738,0.6215054653144283,0.3631051284632669
4 0 2 1 2 2 2,0.014445666252502678,0.9855543337474973,0.0
4 0 2 1 3,0.0,0.35108148760932706,0.6489185123906729
4 0 2 1 3 1 2,0.0213419332952749,0.5151890602646424,0.46346900644008265
4 0 2 1 3 2 2,0.023025107337294237,0.9769748926627058,0.0
4 0 2 1 5,0.0,0.3512512082417629,0.6487487917582371
4 0 2 1 5 1 2,0.02497434327292848,0.631618640141814,0.34340701658525746
4 0 2 1 5 2 2,0.02339127979697956,0.9766087202030205,0.0
4 0 2 2,0.023334614871665882,0.9766653851283341,0.0
4 0 2 2 1 1,0.0,0.38196235063870154,0.6180376493612985
4 0 2 2 1 1 1 2,0.014604774779795777,0.6908258424875369,0.2945693827326674
4 0 2 2 1 1 2 2,0.011550993093536823,0.9884490069064632,0.0
4 0 2 2 1 2,0.0,0.4091899037164609,0.5908100962835391
4 0 2 2 1 2 1 2,0.009600445485108413,0.7370122561303935,0.2533872983844981
4 0 2 2 1 2 2 2,0.007934352427525224,0.9920656475724747,0.0
4 0 2 2 1 3,0.0,0.3825601924342478,0.6174398075657521
4 0 2 2 1 3 1 2,0.014727843214887036,0.6625848930861159,0.32268726369899714
4 0 2 2 1 3 2 2,0.013486940174182078,0.9865130598258179,0.0
4 0 2 2 1 5,0.0,0.4562726243128238,0.5437273756871762
4 0 2 2 1 5 1 2,0.01637210245118539,0.7570232382368218,0.22660465931199278
4 0 2 2 1 5 2 2,0.01309962184093555,0.9869003781590645,0.0
4 1 1 1 0,0.0,0.22582520262202058,0.7741747973779795
4 1 1 1 0 1 2,0.02528101825835786,0.39903006923830303,0.5756889125033391
4 1 1 1 0 2 2,0.040112127408485736,0.9598878725915143,0.0
4 1 1 2 1 0,0.0,0.2432156761973011,0.7567843238026989
4 1 1 2 1 0 1 2,0.020361491002771803,0.45989076331013656,0.5197477456870916
4 1 1 2 1 0 2 2,0.02621798662042936,0.9737820133795706,0.0
4 1 1 2 2 1 0,0.0,0.48699204452493117,0.5130079554750688
4 1 1 2 2 1 0 1 2,0.019383603815270236,0.7339966338164916,0.24661976236823813
4 1 1 2 2 1 0 2 2,0.018455845917535345,0.9815441540824646,0.0
4 1 2 1 0,0.0,0.34409701099226797,0.655902989007732
4 1 2 1 0 1 2,0.017204334606886505,0.5772014738075133,0.4055941915856002
4 1 2 1 0 2 2,0.01737310663082238,0.9826268933691776,0.0
4 1 2 2 1 0,0.0,0.4189872012912227,0.5810127987087773
4 1 2 2 1 0 1 2,0.011554954250670385,0.6960592671467196,0.29238577860261
4 1 2 2 1 0 2 2,0.009941260770608149,0.9900587392293918,0.0
5 0,0.0,0.22193871740816457,0.7780612825918355
5 0 1 1 1,0.0,0.17347909870411493,0.8265209012958851
5 0 1 1 1 1 2,0.03651245025261694,0.360238404702371,0.603249145045012
5 0 1 1 1 2 2,0.06809049320849526,0.9319095067915047,0.0
5 0 1 1 2,0.0,0.15239388982671004,0.8476061101732899
5 0 1 1 2 1 2,0.02709595375487398,0.3590432854388798,0.6138607608062462
5 0 1 1 2 2 2,0.04607365260087407,0.953926347399126,0.0
5 0 1 1 3,0.0,0.11796742341559632,0.8820325765844037
5 0 1 1 3 1 2,0.03229626484711754,0.2609570499406267,0.7067466852122558
5 0 1 1 3 2 2,0.0791567639131686,0.9208432360868314,0.0
5 0 1 1 4,0.0,0.13778849419016187,0.8622115058098382
5 0 1 1 4 1 2,0.027012542292662596,0.3537261836785999,0.6192612740287374
5 0 1 1 4 2 2,0.05012578918012114,0.9498742108198789,0.0
5 0 1 2,0.040666167753425145,0.47324926895180675,0.4860845632947681
5 0 1 2 1 1,0.0,0.20846513242967726,0.7915348675703228
5 0 1 2 1 1 1 2,0.02377700371131664,0.3997585967246064,0.576464399564077
5 0 1 2 1 1 2 2,0.033358574101271625,0.9666414258987284,0.0
5 0 1 2 1 2,0.0,0.17870550159953777,0.8212944984004622
5 0 1 2 1 2 1 2,0.01719382405281067,0.4093945324420929,0.5734116435050964
5 0 1 2 1 2 2 2,0.0233979969274949,0.9766020030725051,0.0
5 0 1 2 1 3,0.0,0.16001455631871223,0.8399854436812878
5 0 1 2 1 3 1 2,0.02377555976279476,0.3190417153053741,0.6571827249318312
5 0 1 2 1 3 2 2,0.04167540384272133,0.9583245961572787,0.0
5 0 1 2 1 4,0.0,0.1656438100537264,0.8343561899462736
5 0 1 2 1 4 1 2,0.01885364626479856,0.41841435373172203,0.5627320000034794
5 0 1 2 1 4 2 2,0.02843079100132708,0.9715692089986729,0.0
5 0 1 2 2 1 1,0.0,0.4413905975631264,0.5586094024368736
5 0 1 2 2 1 1 1 2,0.026096742308548738,0.6549719498868442,0.31893130780460716
5 0 1 2 2 1 1 2 2,0.022271673523266037,0.9777283264767339,0.0
5 0 1 2 2 1 2,0.0,0.4072468090191546,0.5927531909808454
5 0 1 2 2 1 2 1 2,0.0157621888323432,0.6757203298279914,0.30851748133966544
5 0 1 2 2 1 2 2 2,0.01392210837011808,0.9860778916298819,0.0
5 0 1 2 2 1 3,0.0,0.3978562986595073,0.6021437013404927
5 0 1 2 2 1 3 1 2,0.026939835499747974,0.6035573504997691,0.3695028140004829
5 0 1 2 2 1 3 2 2,0.0281780218076073,0.9718219781923927,0.0
5 0 1 2 2 1 4,0.0,0.4021663554746211,0.5978336445253789
5 0 1 2 2 1 4 1 2,0.018812324215530134,0.6736335597507183,0.30755411603375166
5 0 1 2 2 1 4 2 2,0.017324465140206625,0.9826755348597934,0.0
5 0 2 1 1,0.0,0.2865859953261163,0.7134140046738837
5 0 2 1 1 1 2,0.023590866388414553,0.5280185918211244,0.448390541790461
5 0 2 1 1 2 2,0.02739747819526213,0.9726025218047378,0.0
5 0 2 1 2,0.0,0.2816519918474794,0.7183480081525205
5 0 2 1 2 1 2,0.015457429802370264,0.5657276552664547,0.418814914931175
5 0 2 1 2 2 2,0.01598865290953823,0.9840113470904618,0.0
5 0 2 1 3,0.0,0.2525174752532001,0.7474825247467999
5 0 2 1 3 1 2,0.020786348652890516,0.45968770809587944,0.51952594325123
5 0 2 1 3 2 2,0.028807858513065956,0.971192141486934,0.0
5 0 2 1 4,0.0,0.2786762968974615,0.7213237031025385
5 0 2 1 4 1 2,0.017532799850141997,0.5488458418917689,0.43362135825808906
5 0 2 1 4 2 2,0.017678838079136058,0.9823211619208639,0.0
5 0 2 2,0.026836695345852264,0.9731633046541477,0.0
5 0 2 2 1 1,0.0,0.3371470134774263,0.6628529865225737
5 0 2 2 1 1 1 2,0.015105221814425859,0.6231555505174728,0.3617392276681013
5 0 2 2 1 1 2 2,0.013790512205281961,0.9862094877947181,0.0
5 0 2 2 1 2,0.0,0.3591150628634941,0.6408849371365059
5 0 2 2 1 2 1 2,0.0095843755768059,0.6714707556709304,0.31894486875226363
5 0 2 2 1 2 2 2,0.008356295500838735,0.9916437044991613,0.0
5 0 2 2 1 3,0.0,0.3124042560930291,0.6875957439069709
5 0 2 2 1 3 1 2,0.014723904759971158,0.5721139439667898,0.4131621512732391
5 0 2 2 1 3 2 2,0.015132078517469515,0.9848679214825304,0.0
5 0 2 2 1 4,0.0,0.36187900877139156,0.6381209912286084
5 0 2 2 1 4 1 2,0.011470287696412573,0.672445694433281,0.31608401787030643
5 0 2 2 1 4 2 2,0.010013713037210667,0.9899862869627893,0.0
5 1 1 1 0,0.0,0.17156425189443497,0.828435748105565
5 1 1 1 0 1 2,0.026388745219439493,0.34982262820976034,0.6237886265708001
5 1 1 1 0 2 2,0.05832809224922582,0.9416719077507741,0.0
5 1 1 2 1 0,0.0,0.1957759671698402,0.8042240328301598
5 1 1 2 1 0 1 2,0.019693855122872236,0.36393743617855967,0.6163687086985681
5 1 1 2 1 0 2 2,0.03246787696903092,0.9675321230309691,0.0
5 1 1 2 2 1 0,0.0,0.4111420106747376,0.5888579893252625
5 1 1 2 2 1 0 1 2,0.02127978697119953,0.6508873468760781,0.32783286615272234
5 1 1 2 2 1 0 2 2,0.021024520235064664,0.9789754797649354,0.0
5 1 2 1 0,0.0,0.2891507989388081,0.7108492010611919
5 1 2 1 0 1 2,0.01737602864861595,0.5258570509350692,0.4567669204163149
5 1 2 1 0 2 2,0.022178792595236953,0.9778212074047631,0.0
5 1 2 2 1 0,0.0,0.35912614906482876,0.6408738509351712
5 1 2 2 1 0 1 2,0.012312671284309322,0.6193379221422404,0.3683494065734503
5 1 2 2 1 0 2 2,0.011699756016856694,0.9883002439831433,0.0
0 1 1,0.0,0.2058062818611077,0.7941937181388923
0 1 1 1 2 1,0.0,0.29226307946605223,0.7077369205339478
0 1 1 1 2 1 2 2,0.0700609217193485,0.9299390782806515,0.0
0 1 1 1 2 2,0.03115782322146404,0.14915618272655423,0.8196859940519817
0 1 1 1 3 1,0.0,0.25130744064330607,0.7486925593566939
0 1 1 1 3 1 2 2,0.08572486296150408,0.9142751370384959,0.0
0 1 1 1 3 2,0.029630534130107355,0.13534434038889154,0.835025125481001
0 1 1 1 4 1,0.0,0.3311679706492184,0.6688320293507817
0 1 1 1 4 1 2 2,0.07798416991551789,0.9220158300844821,0.0
0 1 1 1 4 2,0.03699783208222812,0.16028490543153207,0.8027172624862398
0 1 1 1 5 1,0.0,0.23610548153265318,0.7638945184673468
0 1 1 1 5 1 2 2,0.06410145429944755,0.9358985457005524,0.0
0 1 1 1 5 2,0.022981720794877522,0.12360205647786433,0.8534162227272581
0 1 1 2 1 2 1,0.0,0.46266749083942627,0.5373325091605737
0 1 1 2 1 2 1 2 2,0.0400615021471899,0.95993849785281,0.0
0 1 1 2 1 2 2,0.028076871392820137,0.24942586572689218,0.7224972628802877
0 1 1 2 1 3 1,0.0,0.44148651499183417,0.5585134850081659
0 1 1 2 1 3 1 2 2,0.043288677012542444,0.9567113229874575,0.0
0 1 1 2 1 3 2,0.027538793930936434,0.2411787130267931,0.7312824930422704
0 1 1 2 1 4 1,0.0,0.5473279633439785,0.45267203665602146
0 1 1 2 1 4 1 2 2,0.04145537659856515,0.9585446234014349,0.0
0 1 1 2 1 4 2,0.03382913717882131,0.2932386652642687,0.6729321975569099
0 1 1 2 1 5 1,0.0,0.4056605290472873,0.5943394709527128
0 1 1 2 1 5 1 2 2,0.033194671861577936,0.966805328138422,0.0
0 1 1 2 1 5 2,0.020893640660541946,0.2150604112814336,0.7640459480580244
0 1 1 2 2,0.10365695226030747,0.8963430477396925,0.0
0 1 1 2 2 1 2 1,0.0,0.5910557184518777,0.40894428154812235
0 1 1 2 2 1 2 1 2 2,0.053024389966383846,0.9469756100336162,0.0
0 1 1 2 2 1 2 2,0.04837547879571887,0.33750828346219025,0.6141162377420909
0 1 1 2 2 1 3 1,0.0,0.5640047514025324,0.4359952485974676
0 1 1 2 2 1 3 1 2 2,0.05237212354755195,0.9476278764524481,0.0
0 1 1 2 2 1 3 2,0.04819826068070921,0.31775820986402786,0.634043529455263
0 1 1 2 2 1 4 1,0.0,0.642247729186749,0.35775227081325106
0 1 1 2 2 1 4 1 2 2,0.054209436236085304,0.9457905637639147,0.0
0 1 1 2 2 1 4 2,0.060280316027107206,0.3798708944013036,0.5598487895715891
0 1 1 2 2 1 5 1,0.0,0.5444004348922685,0.4555995651077315
0 1 1 2 2 1 5 1 2 2,0.0418281402506779,0.9581718597493221,0.0
0 1 1 2 2 1 5 2,0.03992896318806155,0.2874452917865139,0.6726257450254245
0 1 2,0.03267271169044708,0.10487141772721463,0.8624558705823383
0 1 2 1 2 1,0.0,0.20039771762312883,0.7996022823768711
0 1 2 1 2 1 2 2,0.09909684324511187,0.9009031567548881,0.0
0 1 2 1 2 2,0.023138214429310248,0.09424585304852306,0.8826159325221667
0 1 2 1 3 1,0.0,0.15936330184604494,0.840636698153955
0 1 2 1 3 1 2 2,0.11659853252739535,0.8834014674726046,0.0
0 1 2 1 3 2,0.021785803626160404,0.07305059000217744,0.9051636063716622
0 1 2 1 4 1,0.0,0.21128513750414102,0.788714862495859
0 1 2 1 4 1 2 2,0.1118568188347213,0.8881431811652787,0.0
0 1 2 1 4 2,0.029349672774047743,0.09805319202552608,0.8725971352004261
0 1 2 1 5 1,0.0,0.15964500242848584,0.8403549975715142
0 1 2 1 5 1 2 2,0.08988783774309576,0.9101121622569043,0.0
0 1 2 1 5 2,0.017324771538472495,0.07605193470360412,0.9066232937579234
0 1 2 2 1 2 1,0.0,0.30322746199150974,0.6967725380084903
0 1 2 2 1 2 1 2 2,0.06980124021050274,0.9301987597894973,0.0
0 1 2 2 1 2 2,0.025875852283115754,0.12347458670957645,0.8506495610073078
0 1 2 2 1 3 1,0.0,0.26499711614487065,0.7350028838551294
0 1 2 2 1 3 1 2 2,0.0736363380439165,0.9263636619560834,0.0
0 1 2 2 1 3 2,0.024755954189092946,0.11985166848037387,0.8553923773305332
0 1 2 2 1 4 1,0.0,0.34808220871303075,0.6519177912869693
0 1 2 2 1 4 1 2 2,0.07410305412125218,0.9258969458787478,0.0
0 1 2 2 1 4 2,0.03219930611025907,0.1499740255984006,0.8178266682913403
0 1 2 2 1 5 1,0.0,0.2404840862002948,0.7595159137997052
0 1 2 2 1 5 1 2 2,0.05661594296977904,0.943384057030221,0.0
0 1 2 2 1 5 2,0.019147866187537693,0.10063425081350844,0.8802178829989539
0 2 1,0.0,0.24123016190632254,0.7587698380936775
0 2 1 1 1 1,0.0,0.3181827724067674,0.6818172275932326
0 2 1 1 1 1 2 2,0.08521994714220088,0.9147800528577991,0.0
0 2 1 1 1 2,0.03383962241468844,0.1607526326572033,0.8054077449281083
0 2 1 1 3 1,0.0,0.2729611422239195,0.7270388577760805
0 2 1 1 3 1 2 2,0.10041570335827525,0.8995842966417248,0.0
0 2 1 1 3 2,0.034552371712383116,0.15546831098905917,0.8099793172985578
0 2 1 1 4 1,0.0,0.34544796985944853,0.6545520301405514
0 2 1 1 4 1 2 2,0.08862540348613711,0.9113745965138629,0.0
0 2 1 1 4 2,0.04460115730762482,0.18054179847240448,0.7748570442199707
0 2 1 1 5 1,0.0,0.2564141467606904,0.7435858532393096
0 2 1 1 5 1 2 2,0.08109805157497967,0.9189019484250204,0.0
0 2 1 1 5 2,0.027807991226554144,0.14503542700690036,0.8271565817665455
0 2 1 2 1 1 1,0.0,0.5104651436143861,0.48953485638561395
0 2 1 2 1 1 1 2 2,0.044260220014261595,0.9557397799857384,0.0
0 2 1 2 1 1 2,0.034334347163652586,0.2774121206613201,0.6882535321750273
0 2 1 2 1 3 1,0.0,0.4684290982157921,0.5315709017842078
0 2 1 2 1 3 1 2 2,0.047466755718089046,0.952533244281911,0.0
0 2 1 2 1 3 2,0.031507994157985005,0.2686497499028286,0.6998422559391864
0 2 1 2 1 4 1,0.0,0.5505169457897083,0.4494830542102916
0 2 1 2 1 4 1 2 2,0.047051947183914956,0.9529480528160851,0.0
0 2 1 2 1 4 2,0.03876377584392166,0.32493489496506905,0.6363013291910092
0 2 1 2 1 5 1,0.0,0.44820118513355534,0.5517988148664447
0 2 1 2 1 5 1 2 2,0.03817681038309424,0.9618231896169057,0.0
0 2 1 2 1 5 2,0.024659307260189643,0.24883572340100724,0.7265049693388032
0 2 1 2 2,0.12370075123447959,0.8762992487655205,0.0
0 2 1 2 2 1 1 1,0.0,0.5631208032674602,0.4368791967325398
0 2 1 2 2 1 1 1 2 2,0.05912456930379066,0.9408754306962094,0.0
0 2 1 2 2 1 1 2,0.05433042971051269,0.301216476383437,0.6444530939060503
0 2 1 2 2 1 3 1,0.0,0.5723344318312404,0.42766556816875956
0 2 1 2 2 1 3 1 2 2,0.06187756190794567,0.9381224380920543,0.0
0 2 1 2 2 1 3 2,0.05822785809824779,0.34905971526971785,0.5927124266320344
0 2 1 2 2 1 4 1,0.0,0.622543971395293,0.37745602860470695
0 2 1 2 2 1 4 1 2 2,0.061772077769788054,0.9382279222302119,0.0
0 2 1 2 2 1 4 2,0.07149620247637924,0.3696799223172676,0.5588238752063531
0 2 1 2 2 1 5 1,0.0,0.5364681499602791,0.4635318500397208
0 2 1 2 2 1 5 1 2 2,0.056113226877569464,0.9438867731224305,0.0
0 2 1 2 2 1 5 2,0.04762041355886952,0.2950683633074733,0.6573112231336572
0 2 2,0.033133176088080675,0.10589767523588138,0.8609691486760379
0 2 2 1 1 1,0.0,0.20236925576257958,0.7976307442374204
0 2 2 1 1 1 2 2,0.11539294093184496,0.8846070590681551,0.0
0 2 2 1 1 2,0.023633602390307127,0.09800895047909523,0.8783574471305976
0 2 2 1 3 1,0.0,0.14537551272448207,0.854624487275518
0 2 2 1 3 1 2 2,0.13968413533610624,0.8603158646638938,0.0
0 2 2 1 3 2,0.023069263879612917,0.07928103681093673,0.8976496993094504
0 2 2 1 4 1,0.0,0.20377669276781907,0.7962233072321809
0 2 2 1 4 1 2 2,0.12282260487722163,0.8771773951227784,0.0
0 2 2 1 4 2,0.0326242490229057,0.1080685054523592,0.8593072455247351
0 2 2 1 5 1,0.0,0.16014336647239255,0.8398566335276074
0 2 2 1 5 1 2 2,0.10883486031702128,0.8911651396829787,0.0
0 2 2 1 5 2,0.02141610628736494,0.08325062319266602,0.895333270519969
0 2 2 2 1 1 1,0.0,0.33546382776634476,0.6645361722336552
0 2 2 2 1 1 1 2 2,0.06722994492145536,0.9327700550785446,0.0
0 2 2 2 1 1 2,0.0262126552031387,0.13948634370778756,0.8343010010890737
0 2 2 2 1 3 1,0.0,0.2584460103586328,0.7415539896413672
0 2 2 2 1 3 1 2 2,0.07993166416568645,0.9200683358343136,0.0
0 2 2 2 1 3 2,0.025157378435892233,0.12185165176511975,0.852990969798988
0 2 2 2 1 4 1,0.0,0.32731686455908515,0.6726831354409148
0 2 2 2 1 4 1 2 2,0.07733615694516895,0.9226638430548311,0.0
0 2 2 2 1 4 2,0.03492725051614272,0.14827128417512556,0.8168014653087318
0 2 2 2 1 5 1,0.0,0.24189730322571734,0.7581026967742827
0 2 2 2 1 5 1 2 2,0.06472073431729264,0.9352792656827074,0.0
0 2 2 2 1 5 2,0.020168846961474064,0.10997489361031655,0.8698562594282094
0 3 1,0.0,0.25562169886713937,0.7443783011328606
0 3 1 1 1 1,0.0,0.31156334603467856,0.6884366539653215
0 3 1 1 1 1 2 2,0.07896686641150676,0.9210331335884933,0.0
0 3 1 1 1 2,0.02929113811513864,0.1602194359763686,0.8104894259084928
0 3 1 1 2 1,0.0,0.2723079407059255,0.7276920592940745
0 3 1 1 2 1 2 2,0.09126539172117519,0.9087346082788248,0.0
0 3 1 1 2 2,0.031643890080182924,0.15236267560990657,0.8159934343099104
0 3 1 1 4 1,0.0,0.3524619574201519,0.647538042579848
0 3 1 1 4 1 2 2,0.0931622127880269,0.9068377872119731,0.0
0 3 1 1 4 2,0.04061026156403319,0.18923871360152,0.7701510248344468
0 3 1 1 5 1,0.0,0.26108226534994605,0.738917734650054
0 3 1 1 5 1 2 2,0.07870659821718887,0.9212934017828112,0.0
0 3 1 1 5 2,0.02660450299673523,0.15386710831720965,0.8195283886860552
0 3 1 2 1 1 1,0.0,0.5042810206372212,0.49571897936277876
0 3 1 2 1 1 1 2 2,0.03733710181997463,0.9626628981800254,0.0
0 3 1 2 1 1 2,0.03031563216919272,0.28118763782898126,0.688496730001826
0 3 1 2 1 2 1,0.0,0.4588814887900071,0.5411185112099929
0 3 1 2 1 2 1 2 2,0.04834323158640668,0.9516567684135934,0.0
0 3 1 2 1 2 2,0.030045205879262484,0.25395800386087625,0.7159967902598613
0 3 1 2 1 4 1,0.0,0.5766173231034573,0.4233826768965427
0 3 1 2 1 4 1 2 2,0.04614167642648674,0.9538583235735133,0.0
0 3 1 2 1 4 2,0.04151082505585681,0.3452880151004185,0.6132011598437247
0 3 1 2 1 5 1,0.0,0.43777052545144624,0.5622294745485538
0 3 1 2 1 5 1 2 2,0.03572936180722611,0.9642706381927739,0.0
0 3 1 2 1 5 2,0.02606077453403511,0.25366139033941343,0.7202778351265514
0 3 1 2 2,0.11217894962774219,0.8878210503722578,0.0
0 3 1 2 2 1 1 1,0.0,0.5845516096822352,0.41544839031776476
0 3 1 2 2 1 1 1 2 2,0.05185299152171313,0.9481470084782869,0.0
0 3 1 2 2 1 1 2,0.04787232477138733,0.32390524247782904,0.6282224327507836
0 3 1 2 2 1 2 1,0.0,0.5540708885439343,0.44592911145606573
0 3 1 2 2 1 2 1 2 2,0.056544827074573444,0.9434551729254266,0.0
0 3 1 2 2 1 2 2,0.049749865386637074,0.3028245523151077,0.6474255822982552
0 3 1 2 2 1 4 1,0.0,0.6299050048480161,0.37009499515198385
0 3 1 2 2 1 4 1 2 2,0.05734993766568873,0.9426500623343113,0.0
0 3 1 2 2 1 4 2,0.06383776854985262,0.3904367503653988,0.5457254810847485
0 3 1 2 2 1 5 1,0.0,0.5472109965594404,0.45278900344055967
0 3 1 2 2 1 5 1 2 2,0.05081072841516211,0.9491892715848379,0.0
0 3 1 2 2 1 5 2,0.04602481356226185,0.31129192842108117,0.6426832580166569
0 3 2,0.031460194607816835,0.10023075713847737,0.8683090482537058
0 3 2 1 1 1,0.0,0.18821179330818716,0.8117882066918128
0 3 2 1 1 1 2 2,0.11504654560417885,0.8849534543958212,0.0
0 3 2 1 1 2,0.02148415448755998,0.08750880961276856,0.8910070358996715
0 3 2 1 2 1,0.0,0.17982602052356608,0.8201739794764339
0 3 2 1 2 1 2 2,0.12250701138984202,0.877492988610158,0.0
0 3 2 1 2 2,0.02418631878529921,0.08525490031625126,0.8905587808984495
0 3 2 1 4 1,0.0,0.20528329034827375,0.7947167096517262
0 3 2 1 4 1 2 2,0.13872513108903187,0.8612748689109682,0.0
0 3 2 1 4 2,0.03050244667759046,0.09813598017698483,0.8713615731454247
0 3 2 1 5 1,0.0,0.14767265958909523,0.8523273404109047
0 3 2 1 5 1 2 2,0.10650987255770519,0.8934901274422948,0.0
0 3 2 1 5 2,0.018783908827183254,0.07490622447559078,0.906309866697226
0 3 2 2 1 1 1,0.0,0.2988126069185608,0.7011873930814392
0 3 2 2 1 1 1 2 2,0.06426616560550716,0.9357338343944929,0.0
0 3 2 2 1 1 2,0.02272316483265096,0.13099392002437116,0.8462829151429779
0 3 2 2 1 2 1,0.0,0.284529793101057,0.7154702068989429
0 3 2 2 1 2 1 2 2,0.07329565601005478,0.9267043439899452,0.0
0 3 2 2 1 2 2,0.025481905586769237,0.11920968475255923,0.8553084096606716
0 3 2 2 1 4 1,0.0,0.33943736718675355,0.6605626328132465
0 3 2 2 1 4 1 2 2,0.07899052426963392,0.9210094757303661,0.0
0 3 2 2 1 4 2,0.033285483717918396,0.1558947116136551,0.8108198046684265
0 3 2 2 1 5 1,0.0,0.22682291377642594,0.7731770862235741
0 3 2 2 1 5 1 2 2,0.06597078400561679,0.9340292159943832,0.0
0 3 2 2 1 5 2,0.021371569564087575,0.10489329734777397,0.8737351330881384
0 4 1,0.0,0.2492351457410221,0.7507648542589779
0 4 1 1 1 1,0.0,0.3325743756985395,0.6674256243014605
0 4 1 1 1 1 2 2,0.060093596382454505,0.9399064036175455,0.0
0 4 1 1 1 2,0.02918480741811701,0.17770981987241455,0.7931053727094685
0 4 1 1 2 1,0.0,0.3033134742945662,0.6966865257054339
0 4 1 1 2 1 2 2,0.07006238432561475,0.9299376156743853,0.0
0 4 1 1 2 2,0.03035717074027712,0.15454169510080024,0.8151011341589226
0 4 1 1 3 1,0.0,0.3112537212343102,0.6887462787656898
0 4 1 1 3 1 2 2,0.06435685333525894,0.935643146664741,0.0
0 4 1 1 3 2,0.030528437005038146,0.1630064230821309,0.806465139912831
0 4 1 1 5 1,0.0,0.2988167827334537,0.7011832172665463
0 4 1 1 5 1 2 2,0.051863638328162646,0.9481363616718373,0.0
0 4 1 1 5 2,0.0238234771503249,0.16071405887071744,0.8154624639789576
0 4 1 2 1 1 1,0.0,0.5320364558310972,0.46796354416890285
0 4 1 2 1 1 1 2 2,0.029623726408841512,0.9703762735911585,0.0
0 4 1 2 1 1 2,0.024561558559279554,0.2804290129356201,0.6950094285051003
0 4 1 2 1 2 1,0.0,0.48808178905888305,0.511918210941117
0 4 1 2 1 2 1 2 2,0.035022746996994106,0.9649772530030059,0.0
0 4 1 2 1 2 2,0.026284834861801238,0.2452717593543059,0.7284434057838929
0 4 1 2 1 3 1,0.0,0.5018924853898034,0.4981075146101967
0 4 1 2 1 3 1 2 2,0.03270532502542157,0.9672946749745784,0.0
0 4 1 2 1 3 2,0.02583028260632086,0.2761835034407599,0.6979862139529193
0 4 1 2 1 5 1,0.0,0.48186847235824926,0.5181315276417507
0 4 1 2 1 5 1 2 2,0.027980792423911518,0.9720192075760885,0.0
0 4 1 2 1 5 2,0.02068408653170148,0.25182928274748995,0.7274866307208085
0 4 1 2 2,0.09035104025167993,0.90964895974832,0.0
0 4 1 2 2 1 1 1,0.0,0.5923342289604973,0.4076657710395027
0 4 1 2 2 1 1 1 2 2,0.039354204299238756,0.9606457957007613,0.0
0 4 1 2 2 1 1 2,0.03881921890476893,0.32685559135679476,0.6343251897384363
0 4 1 2 2 1 2 1,0.0,0.5498873293073924,0.4501126706926077
0 4 1 2 2 1 2 1 2 2,0.04758430458299618,0.9524156954170038,0.0
0 4 1 2 2 1 2 2,0.04691448452664347,0.30744430537314826,0.6456412101002083
0 4 1 2 2 1 3 1,0.0,0.6019640017055401,0.39803599829445996
0 4 1 2 2 1 3 1 2 2,0.04234753908859562,0.9576524609114043,0.0
0 4 1 2 2 1 3 2,0.043982719286825636,0.32966209317607675,0.6263551875370976
0 4 1 2 2 1 5 1,0.0,0.5529528700565962,0.44704712994340384
0 4 1 2 2 1 5 1 2 2,0.039954402622041967,0.960045597377958,0.0
0 4 1 2 2 1 5 2,0.03777783638073186,0.31599410544351214,0.646228058175756
0 4 2,0.027242159739454666,0.09703154875957416,0.8757262915009711
0 4 2 1 1 1,0.0,0.2006077202944082,0.7993922797055918
0 4 2 1 1 1 2 2,0.0983697946417803,0.9016302053582197,0.0
0 4 2 1 1 2,0.023218917204827237,0.09411346360155959,0.8826676191936131
0 4 2 1 2 1,0.0,0.19000676534228703,0.809993234657713
0 4 2 1 2 1 2 2,0.096484547070213,0.903515452929787,0.0
0 4 2 1 2 2,0.02386084234507147,0.08619518706493358,0.889943970589995
0 4 2 1 3 1,0.0,0.16880509556071277,0.8311949044392872
0 4 2 1 3 1 2 2,0.11087259473753984,0.8891274052624601,0.0
0 4 2 1 3 2,0.022596762257717916,0.08122204486197367,0.8961811928803084
0 4 2 1 5 1,0.0,0.162004657419526,0.837995342580474
0 4 2 1 5 1 2 2,0.08560396422993595,0.914396035770064,0.0
0 4 2 1 5 2,0.01768206361471159,0.07481492798500225,0.9075030084002862
0 4 2 2 1 1 1,0.0,0.32510276755749024,0.6748972324425098
0 4 2 2 1 1 1 2 2,0.05306025104596815,0.9469397489540319,0.0
0 4 2 2 1 1 2,0.02085067238581155,0.13268210890820137,0.8464672187059871
0 4 2 2 1 2 1,0.0,0.2962079681840646,0.7037920318159354
0 4 2 2 1 2 1 2 2,0.06544323259527011,0.9345567674047299,0.0
0 4 2 2 1 2 2,0.026148693587354024,0.11811111845427916,0.8557401879583668
0 4 2 2 1 3 1,0.0,0.2779460877581272,0.7220539122418728
0 4 2 2 1 3 1 2 2,0.06715843739205656,0.9328415626079435,0.0
0 4 2 2 1 3 2,0.023428928717980167,0.11839732091419863,0.8581737503678212
0 4 2 2 1 5 1,0.0,0.24427479474822034,0.7557252052517797
0 4 2 2 1 5 1 2 2,0.056220175503256906,0.9437798244967431,0.0
0 4 2 2 1 5 2,0.018488209350254213,0.10814968295116568,0.8733621076985801
0 5 1,0.0,0.23997149122528072,0.7600285087747193
0 5 1 1 1 1,0.0,0.29139754396483847,0.7086024560351616
0 5 1 1 1 1 2 2,0.07542174511716687,0.9245782548828332,0.0
0 5 1 1 1 2,0.030387972785028066,0.15725270115003204,0.8123593260649399
0 5 1 1 2 1,0.0,0.2727100591597493,0.7272899408402507
0 5 1 1 2 1 2 2,0.07875488146411806,0.921245118535882,0.0
0 5 1 1 2 2,0.030206457236481028,0.14663096579578863,0.8231625769677303
0 5 1 1 3 1,0.0,0.27281632077842394,0.7271836792215761
0 5 1 1 3 1 2 2,0.07511354157683046,0.9248864584231695,0.0
0 5 1 1 3 2,0.028797399881593515,0.15453048878498143,0.8166721113334251
0 5 1 1 4 1,0.0,0.33047245665438846,0.6695275433456116
0 5 1 1 4 1 2 2,0.07926244039757163,0.9207375596024284,0.0
0 5 1 1 4 2,0.037795952044578196,0.18004880174812668,0.7821552462072952
0 5 1 2 1 1 1,0.0,0.5046759300387867,0.49532406996121325
0 5 1 2 1 1 1 2 2,0.03816967692718592,0.9618303230728141,0.0
0 5 1 2 1 1 2,0.028864268966204983,0.27921775711523106,0.6919179739185639
0 5 1 2 1 2 1,0.0,0.4700392482971628,0.5299607517028372
0 5 1 2 1 2 1 2 2,0.04146729496463978,0.9585327050353603,0.0
0 5 1 2 1 2 2,0.02959736546864232,0.2705721955959572,0.6998304389354005
0 5 1 2 1 3 1,0.0,0.4651910489723119,0.5348089510276881
0 5 1 2 1 3 1 2 2,0.0396570118261977,0.9603429881738023,0.0
0 5 1 2 1 3 2,0.02674170081450749,0.26358135258198684,0.7096769466035057
0 5 1 2 1 4 1,0.0,0.5582893211547486,0.4417106788452514
0 5 1 2 1 4 1 2 2,0.04057220528370375,0.9594277947162962,0.0
0 5 1 2 1 4 2,0.03411833069777747,0.3268266198476173,0.6390550494546052
0 5 1 2 2,0.10736653204970045,0.8926334679502995,0.0
0 5 1 2 2 1 1 1,0.0,0.5715658591549936,0.42843414084500636
0 5 1 2 2 1 1 1 2 2,0.05279558541667833,0.9472044145833217,0.0
0 5 1 2 2 1 1 2,0.04793173572243061,0.3106462738458958,0.6414219904316736
0 5 1 2 2 1 2 1,0.0,0.568979016278509,0.43102098372149095
0 5 1 2 2 1 2 1 2 2,0.05883585744407537,0.9411641425559246,0.0
0 5 1 2 2 1 2 2,0.05190866832401107,0.3255449545590019,0.622546377116987
0 5 1 2 2 1 3 1,0.0,0.5881531438732692,0.4118468561267308
0 5 1 2 2 1 3 1 2 2,0.054583044472170064,0.9454169555278299,0.0
0 5 1 2 2 1 3 2,0.05077467075903214,0.34744241574822055,0.6017829134927473
0 5 1 2 2 1 4 1,0.0,0.6227071295080596,0.3772928704919403
0 5 1 2 2 1 4 1 2 2,0.058429391641262214,0.9415706083587377,0.0
0 5 1 2 2 1 4 2,0.06515005619228222,0.3813356090388065,0.5535143347689113
0 5 2,0.033284821112227754,0.10805989217847425,0.858655286709298
0 5 2 1 1 1,0.0,0.2070580470295849,0.792941952970415
0 5 2 1 1 1 2 2,0.10968926965074495,0.890310730349255,0.0
0 5 2 1 1 2,0.02686653588687721,0.09848241251194147,0.8746510516011813
0 5 2 1 2 1,0.0,0.1890461798855663,0.8109538201144337
0 5 2 1 2 1 2 2,0.1135242668241307,0.8864757331758693,0.0
0 5 2 1 2 2,0.02603070923972756,0.09204957377027048,0.8819197169900019
0 5 2 1 3 1,0.0,0.16736562017039708,0.8326343798296029
0 5 2 1 3 1 2 2,0.11693006323046633,0.8830699367695337,0.0
0 5 2 1 3 2,0.02504139751795662,0.0895694049978919,0.8853891974841515
0 5 2 1 4 1,0.0,0.20772523123149256,0.7922747687685074
0 5 2 1 4 1 2 2,0.12165403988189269,0.8783459601181073,0.0
0 5 2 1 4 2,0.03267751346805168,0.10194617030629215,0.8653763162256561
0 5 2 2 1 1 1,0.0,0.35130291438831573,0.6486970856116843
0 5 2 2 1 1 1 2 2,0.06310425139228601,0.936895748607714,0.0
0 5 2 2 1 1 2,0.024136607233271937,0.14844116955655884,0.8274222232101692
0 5 2 2 1 2 1,0.0,0.3103104894544319,0.689689510545568
0 5 2 2 1 2 1 2 2,0.06971868210776062,0.9302813178922393,0.0
0 5 2 2 1 2 2,0.026334940994755314,0.12780006039440542,0.8458649986108393
0 5 2 2 1 3 1,0.0,0.2927273258168968,0.7072726741831031
0 5 2 2 1 3 1 2 2,0.0761002201947779,0.9238997798052221,0.0
0 5 2 2 1 3 2,0.024556343518643747,0.14326854637248074,0.8321751101088756
0 5 2 2 1 4 1,0.0,0.37648172959392673,0.6235182704060732
0 5 2 2 1 4 1 2 2,0.07509879676957933,0.9249012032304207,0.0
0 5 2 2 1 4 2,0.034416021455050474,0.16131385391863529,0.8042701246263142
1 0 1,0.0,0.23399376616440226,0.7660062338355977
1 0 1 1 2 1,0.0,0.3054737024047196,0.6945262975952804
1 0 1 1 2 1 2 2,0.08765364058250724,0.9123463594174928,0.0
1 0 1 1 2 2,0.037452864694355714,0.1598596841123014,0.802687451193343
1 0 1 1 3 1,0.0,0.2652155470509178,0.7347844529490821
1 0 1 1 3 1 2 2,0.10358408737110815,0.8964159126288919,0.0
1 0 1 1 3 2,0.03690174028174066,0.1344948923156917,0.8286033674025677
1 0 1 1 4 1,0.0,0.33813466608973974,0.6618653339102603
1 0 1 1 4 1 2 2,0.0967344790450188,0.9032655209549812,0.0
1 0 1 1 4 2,0.045586417012698346,0.1600275719180182,0.7943860110692834
1 0 1 1 5 1,0.0,0.26189094797462414,0.7381090520253759
1 0 1 1 5 1 2 2,0.0777005677853549,0.922299432214645,0.0
1 0 1 1 5 2,0.029324473698405844,0.1431643452146259,0.8275111810869682
1 0 1 2 1 2 1,0.0,0.4870500274802256,0.5129499725197744
1 0 1 2 1 2 1 2 2,0.04259550406698209,0.9574044959330179,0.0
1 0 1 2 1 2 2,0.03166855463756001,0.2675352662704669,0.7007961790919731
1 0 1 2 1 3 1,0.0,0.4520345431163987,0.5479654568836013
1 0 1 2 1 3 1 2 2,0.04369551432357266,0.9563044856764273,0.0
1 0 1 2 1 3 2,0.03072483608686655,0.2655294935755809,0.7037456703375525
1 0 1 2 1 4 1,0.0,0.5407375650028309,0.4592624349971692
1 0 1 2 1 4 1 2 2,0.04145757153178444,0.9585424284682156,0.0
1 0 1 2 1 4 2,0.03637135245629266,0.31784888016276835,0.645779767380939
1 0 1 2 1 5 1,0.0,0.4240820606487478,0.5759179393512521
1 0 1 2 1 5 1 2 2,0.03577391686719166,0.9642260831328083,0.0
1 0 1 2 1 5 2,0.023520156741142273,0.2424660474061966,0.7340137958526611
1 0 1 2 2,0.11019951515206952,0.8898004848479305,0.0
1 0 1 2 2 1 2 1,0.0,0.5878520140628534,0.4121479859371467
1 0 1 2 2 1 2 1 2 2,0.05744797239214223,0.9425520276078577,0.0
1 0 1 2 2 1 2 2,0.05353827182605494,0.3287628456339564,0.6176988825399886
1 0 1 2 2 1 3 1,0.0,0.5747013686518713,0.4252986313481288
1 0 1 2 2 1 3 1 2 2,0.05627881512141412,0.9437211848785859,0.0
1 0 1 2 2 1 3 2,0.05391170387693686,0.31801346318313406,0.628074832939929
1 0 1 2 2 1 4 1,0.0,0.6497578391796838,0.35024216082031623
1 0 1 2 2 1 4 1 2 2,0.062089071546116516,0.9379109284538835,0.0
1 0 1 2 2 1 4 2,0.06671071747905971,0.38337468815315745,0.5499145943677828
1 0 1 2 2 1 5 1,0.0,0.5407069716069073,0.4592930283930927
1 0 1 2 2 1 5 1 2 2,0.047434696463235074,0.9525653035367649,0.0
1 0 1 2 2 1 5 2,0.04387987953961434,0.29098947535502273,0.6651306451053629
1 0 2,0.037899363927168264,0.10892427753256365,0.8531763585402681
1 0 2 1 2 1,0.0,0.2079009062595088,0.7920990937404913
1 0 2 1 2 1 2 2,0.1252173807933251,0.8747826192066749,0.0
1 0 2 1 2 2,0.03153012739911865,0.099591018253431,0.8688788543474504
1 0 2 1 3 1,0.0,0.1701913270254866,0.8298086729745134
1 0 2 1 3 1 2 2,0.1569254104533964,0.8430745895466036,0.0
1 0 2 1 3 2,0.03191142961217891,0.08310012674145636,0.8849884436463648
1 0 2 1 4 1,0.0,0.20759634314031197,0.792403656859688
1 0 2 1 4 1 2 2,0.1512883999789947,0.8487116000210053,0.0
1 0 2 1 4 2,0.0406543326572875,0.09804928594974535,0.8612963813929672
1 0 2 1 5 1,0.0,0.16707807769743455,0.8329219223025655
1 0 2 1 5 1 2 2,0.11250466651219558,0.8874953334878044,0.0
1 0 2 1 5 2,0.023537184604682314,0.08055501281181326,0.8959078025835044
1 0 2 2 1 2 1,0.0,0.3126060698665939,0.6873939301334061
1 0 2 2 1 2 1 2 2,0.07433039012985013,0.9256696098701499,0.0
1 0 2 2 1 2 2,0.03092710220631318,0.13912574584081686,0.8299471519528699
1 0 2 2 1 3 1,0.0,0.2879380041931778,0.7120619958068223
1 0 2 2 1 3 1 2 2,0.07839133812574446,0.9216086618742555,0.0
1 0 2 2 1 3 2,0.029186886347586035,0.1280232095722707,0.8427899040801433
1 0 2 2 1 4 1,0.0,0.3417878750568829,0.6582121249431171
1 0 2 2 1 4 1 2 2,0.07844966765018124,0.9215503323498188,0.0
1 0 2 2 1 4 2,0.03648736855462977,0.15175451923879865,0.8117581122065716
1 0 2 2 1 5 1,0.0,0.23601719271438606,0.763982807285614
1 0 2 2 1 5 1 2 2,0.06216415737360221,0.9378358426263977,0.0
1 0 2 2 1 5 2,0.020982284906279867,0.11121180094272154,0.8678059141509986
1 2 1 1 0 1,0.0,0.3283575422421615,0.6716424577578385
1 2 1 1 0 1 2 2,0.06662672146508074,0.9333732785349192,0.0
1 2 1 1 0 2,0.031179651153390837,0.189050164981929,0.7797701838646802
1 2 1 2 1 0 1,0.0,0.5218682177063901,0.4781317822936098
1 2 1 2 1 0 1 2 2,0.0341667490684571,0.9658332509315429,0.0
1 2 1 2 1 0 2,0.03049296682425048,0.32531636771569195,0.6441906654600575
1 2 1 2 2 1 0 1,0.0,0.5920442717750729,0.4079557282249271
1 2 1 2 2 1 0 1 2 2,0.04450500159476786,0.9554949984052321,0.0
1 2 1 2 2 1 0 2,0.047441405917343235,0.3599432545925712,0.5926153394900856
1 2 2 1 0 1,0.0,0.18041136342255942,0.8195886365774406
1 2 2 1 0 1 2 2,0.100161135407983,0.899838864592017,0.0
1 2 2 1 0 2,0.021765396647614142,0.10352723608992208,0.8747073672624638
1 2 2 2 1 0 1,0.0,0.31384524882858833,0.6861547511714117
1 2 2 2 1 0 1 2 2,0.05732112339344669,0.9426788766065534,0.0
1 2 2 2 1 0 2,0.022906534544427204,0.14694184174345315,0.8301516237121196
1 3 1 1 0 1,0.0,0.3157682575503739,0.6842317424496261
1 3 1 1 0 1 2 2,0.06989858125985526,0.9301014187401447,0.0
1 3 1 1 0 2,0.03212034437463842,0.185218429814897,0.7826612258104646
1 3 1 2 1 0 1,0.0,0.5339365581399764,0.4660634418600236
1 3 1 2 1 0 1 2 2,0.033466866697747386,0.9665331333022527,0.0
1 3 1 2 1 0 2,0.030721005166772772,0.32341051222164374,0.6458684826115835
1 3 1 2 2 1 0 1,0.0,0.5885205003313382,0.4114794996686618
1 3 1 2 2 1 0 1 2 2,0.040227264060488654,0.9597727359395113,0.0
1 3 1 2 2 1 0 2,0.04501826060983473,0.3621194159047153,0.59286232348545
1 3 2 1 0 1,0.0,0.18088284717692232,0.8191171528230776
1 3 2 1 0 1 2 2,0.11039887087395664,0.8896011291260434,0.0
1 3 2 1 0 2,0.021702843069881017,0.08379665126386389,0.894500505666255
1 3 2 2 1 0 1,0.0,0.2978659189666529,0.7021340810333471
1 3 2 2 1 0 1 2 2,0.0575751911869243,0.9424248088130757,0.0
1 3 2 2 1 0 2,0.022522916891484054,0.13171620593378577,0.8457608771747301
1 4 1 1 0 1,0.0,0.3643516747752435,0.6356483252247566
1 4 1 1 0 1 2 2,0.04364074253466911,0.9563592574653309,0.0
1 4 1 1 0 2,0.02759238855327159,0.19354377434625025,0.7788638371004781
1 4 1 2 1 0 1,0.0,0.5694337629960711,0.430566237003929
1 4 1 2 1 0 1 2 2,0.023274350949532712,0.9767256490504673,0.0
1 4 1 2 1 0 2,0.023870234464231033,0.3233027045750033,0.6528270609607656
1 4 1 2 2 1 0 1,0.0,0.6216448632250926,0.3783551367749074
1 4 1 2 2 1 0 1 2 2,0.030245732290526746,0.9697542677094733,0.0
1 4 1 2 2 1 0 2,0.03614102609192904,0.371619843475151,0.59223913043292
1 4 2 1 0 1,0.0,0.18659530196287,0.81340469803713
1 4 2 1 0 1 2 2,0.07991510922817316,0.9200848907718269,0.0
1 4 2 1 0 2,0.020941375593918343,0.09286378584767505,0.8861948385584066
1 4 2 2 1 0 1,0.0,0.329344009142016,0.670655990857984
1 4 2 2 1 0 1 2 2,0.043313546211034525,0.9566864537889654,0.0
1 4 2 2 1 0 2,0.019235707962779014,0.13743902845262757,0.8433252635845934
1 5 1 1 0 1,0.0,0.32068493000970033,0.6793150699902997
1 5 1 1 0 1 2 2,0.05521144726047264,0.9447885527395273,0.0
1 5 1 1 0 2,0.029309927919410537,0.2028658633523557,0.7678242087282338
1 5 1 2 1 0 1,0.0,0.5567888802658582,0.4432111197341418
1 5 1 2 1 0 1 2 2,0.028283117362705723,0.9717168826372943,0.0
1 5 1 2 1 0 2,0.02662365178203064,0.3442593268194694,0.6291170213984999
1 5 1 2 2 1 0 1,0.0,0.6244579592957552,0.3755420407042448
1 5 1 2 2 1 0 1 2 2,0.03989757707036768,0.9601024229296323,0.0
1 5 1 2 2 1 0 2,0.04202935813345493,0.4055906205952866,0.5523800212712584
1 5 2 1 0 1,0.0,0.20680393881708797,0.793196061182912
1 5 2 1 0 1 2 2,0.08939498338109993,0.9106050166189,0.0
1 5 2 1 0 2,0.026031521672281715,0.11487863854758285,0.8590898397801354
1 5 2 2 1 0 1,0.0,0.3672763046108463,0.6327236953891536
1 5 2 2 1 0 1 2 2,0.05326071181171771,0.9467392881882823,0.0
1 5 2 2 1 0 2,0.024377213744611572,0.1681333905557834,0.807489395699605
2 0 1 1 1 1,0.0,0.3073817670405596,0.6926182329594405
2 0 1 1 1 1 2 2,0.08247021220039247,0.9175297877996076,0.0
2 0 1 1 1 2,0.03611710469991848,0.15451102707029638,0.8093718682297851
2 0 1 2 1 1 1,0.0,0.5235524054009233,0.4764475945990767
2 0 1 2 1 1 1 2 2,0.03678534327829897,0.963214656721701,0.0
2 0 1 2 1 1 2,0.031478781604902244,0.2744255394610637,0.6940956789340341
2 0 1 2 2 1 1 1,0.0,0.5998670329873609,0.4001329670126391
2 0 1 2 2 1 1 1 2 2,0.05141120999413608,0.9485887900058639,0.0
2 0 1 2 2 1 1 2,0.048036412120408004,0.3130206214341614,0.6389429664454306
2 0 2 1 1 1,0.0,0.2110983706533632,0.7889016293466368
2 0 2 1 1 1 2 2,0.12889902377812715,0.8711009762218729,0.0
2 0 2 1 1 2,0.03000565571736804,0.09880643798068342,0.8711879063019485
2 0 2 2 1 1 1,0.0,0.3433224465089914,0.6566775534910086
2 0 2 2 1 1 1 2 2,0.060548210235928525,0.9394517897640715,0.0
2 0 2 2 1 1 2,0.02682547916377041,0.15118757817195438,0.8219869426642752
2 1 1 1 0 1,0.0,0.3165846474687135,0.6834153525312865
2 1 1 1 0 1 2 2,0.05706706074841911,0.942932939251581,0.0
2 1 1 1 0 2,0.030377479666177848,0.1706773213944235,0.7989451989393986
2 1 1 2 1 0 1,0.0,0.5286255699743521,0.47137443002564794
2 1 1 2 1 0 1 2 2,0.02972873291169312,0.9702712670883069,0.0
2 1 1 2 1 0 2,0.027302683397856322,0.30219306584953864,0.670504250752605
2 1 1 2 2 1 0 1,0.0,0.6405233466664394,0.3594766533335606
2 1 1 2 2 1 0 1 2 2,0.036600583687739746,0.9633994163122602,0.0
2 1 1 2 2 1 0 2,0.043295189093125026,0.3785677197788996,0.5781370911279754
2 1 2 1 0 1,0.0,0.19949481067040983,0.8005051893295901
2 1 2 1 0 1 2 2,0.09070158263941588,0.9092984173605841,0.0
2 1 2 1 0 2,0.024329931450260113,0.09949028117545997,0.8761797873742799
2 1 2 2 1 0 1,0.0,0.3426356020834455,0.6573643979165545
2 1 2 2 1 0 1 2 2,0.050234677708486025,0.949765322291514,0.0
2 1 2 2 1 0 2,0.024030138075688535,0.14666634961962347,0.829303512304688
